125,able
336,abundance
338,abundant
438,acclaim
477,accomplish
481,accomplishment
482,accomplishments
620,achieve
623,achievement
624,achievements
906,adequately
1137,advancement
1138,advancements
1139,advance
1141,advantage
1143,advantageous
1144,advantageously
1893,alliance
1894,alliances
4090,assure
4270,attain
4278,attainment
4279,attainments
4342,attractive
4344,attractiveness
5942,beautiful
5943,beautifully
6375,beneficial
6376,beneficially
6381,benefit
6504,best
6578,better
7902,bolster
8079,boom
8108,boost
8628,breakthrough
8629,breakthroughs
8805,brilliant
11787,charitable
13746,collaborate
13750,collaboration
13751,collaborations
13752,collaborative
13755,collaborator
13756,collaborators
14432,compliment
14434,complimentary
14668,conclusive
14669,conclusively
14786,conducive
14873,confident
15366,constructive
15367,constructively
16550,courteous
16920,creative
16921,creatively
16922,creativeness
16926,creativity
19287,delight
19290,delightful
19291,delightfully
19681,dependability
19682,dependable
20052,desirable
20057,desire
20105,despite
20139,destine
20728,diligent
20729,diligently
21938,distinction
21939,distinctions
21940,distinctive
21941,distinctively
21942,distinctiveness
22870,dream
23576,easier
23578,easily
23594,easy
23808,effective
23843,efficiencies
23844,efficiency
23845,efficient
23846,efficiently
24529,empower
24572,enable
24683,encourage
24684,encouragement
24913,enhance
24915,enhancement
24916,enhancements
24934,enjoy
24935,enjoyable
24936,enjoyably
24939,enjoyment
25129,enthusiasm
25132,enthusiastic
25133,enthusiastically
26086,excellence
26090,excellent
26092,excel
26101,exceptional
26102,exceptionally
26140,excite
26142,excitement
26165,exclusive
26166,exclusively
26167,exclusiveness
26169,exclusives
26171,exclusivity
26255,exemplary
27234,fantastic
27450,favorable
27451,favorably
27452,favor
27454,favorite
27455,favorites
30069,friendly
30658,gain
32095,good
32565,great
32568,greater
32569,greatest
32571,greatly
32572,greatness
33753,happiest
33754,happily
33755,happiness
33757,happy
34828,highest
35373,honor
35374,honorable
36443,ideal
37191,impress
37208,impressive
37209,impressively
37238,improve
37240,improvement
37241,improvements
37670,incredible
37671,incredibly
38284,influential
38309,informative
38364,ingenuity
38579,innovate
38583,innovation
38584,innovations
38585,innovative
38587,innovativeness
38588,innovator
38589,innovators
38736,insightful
38810,inspiration
38811,inspirational
39007,integrity
39649,invent
39652,invention
39653,inventions
39654,inventive
39656,inventiveness
39658,inventor
39662,inventors
42054,leadership
42057,lead
43663,loyal
43719,lucrative
45699,meritorious
51665,opportunities
51666,opportunity
51708,optimistic
52241,outperform
54742,perfect
54758,perfectly
56328,pleasant
56331,pleasantly
56337,please
56343,pleasure
56379,plentiful
56987,popular
56989,popularity
57142,positive
57143,positively
57739,preeminence
57741,preeminent
57887,premier
57888,premiere
58155,prestige
58157,prestigious
58481,proactive
58482,proactively
58650,proficiency
58651,proficient
58652,proficiently
58662,profitability
58663,profitable
58664,profitably
58737,progress
59079,prosper
59082,prosperity
59083,prosperous
61368,rebound
61496,receptive
62544,regain
63994,resolve
64682,revolutionize
64701,reward
66459,satisfaction
66461,satisfactorily
66462,satisfactory
66463,satisfy
70485,smooth
70493,smoothly
71118,solve
71651,spectacular
71652,spectacularly
72442,stability
72443,stabilization
72444,stabilizations
72445,stabilize
72451,stable
73563,strength
73564,strengthen
73570,strengths
73694,strong
73697,stronger
73698,strongest
74332,succeed
74336,success
74337,successes
74338,successful
74339,successfully
74783,superior
75022,surpass
78724,transparency
78927,tremendous
78928,tremendously
81476,unmatched
81555,unparalleled
81986,unsurpassed
82361,upturn
82364,upturns
82655,valuable
83075,versatile
83077,versatility
83187,vibrancy
83188,vibrant
85238,win
85360,winner
85361,winners
85897,worthy
9,abandon
12,abandonment
13,abandonments
51,abdicate
54,abdication
55,abdications
70,aberrant
71,aberration
72,aberrational
73,aberrations
79,abet
138,abnormal
139,abnormalities
140,abnormality
141,abnormally
145,abolish
213,abrogate
217,abrogation
218,abrogations
221,abrupt
224,abruptly
225,abruptness
247,absence
248,absences
252,absenteeism
340,abuse
346,abusive
347,abusively
348,abusiveness
432,accident
433,accidental
434,accidentally
436,accidents
574,accusation
575,accusations
579,accuse
678,acquiesce
706,acquit
708,acquittal
709,acquittals
1113,adulterate
1117,adulteration
1118,adulterations
1169,adversarial
1170,adversaries
1171,adversary
1172,adverse
1173,adversely
1178,adversities
1179,adversity
1400,aftermath
1401,aftermaths
1419,against
1468,aggravate
1473,aggravation
1474,aggravations
1756,alert
1789,alienate
1793,alienation
1794,alienations
1850,allegation
1851,allegations
1852,allege
1854,allegedly
2683,annoy
2684,annoyance
2685,annoyances
2706,annul
2710,annulment
2711,annulments
2730,anomalies
2731,anomalous
2732,anomalously
2733,anomaly
2869,anticompetitive
2987,antitrust
3562,argue
3568,argument
3571,argumentative
3575,arguments
3690,arrearage
3691,arrearages
3692,arrears
3693,arrest
3784,artificially
3961,assault
3994,assertions
4357,attrition
4642,aversely
4860,backdate
5020,bad
5088,bail
5099,bailout
5166,balk
5339,bankrupt
5340,bankruptcies
5341,bankruptcy
5560,bar
5580,barrier
5581,barriers
8235,bottleneck
8377,boycott
8576,breach
8601,break
8604,breakage
8605,breakages
8608,breakdown
8609,breakdowns
8719,bribe
8722,briberies
8724,bribery
8747,bridge
9433,burden
9437,burdensome
9508,burn
9934,calamities
9935,calamitous
9937,calamity
10200,cancel
10209,cancellation
10210,cancellations
10644,careless
10645,carelessly
10646,carelessness
11030,catastrophe
11031,catastrophes
11032,catastrophic
11033,catastrophically
11195,caution
11196,cautionary
11258,cease
11368,censure
11590,challenge
11768,chargeoffs
12694,circumvent
12697,circumvention
12698,circumventions
12936,clawback
13200,close
13207,closeout
13208,closeouts
13221,closure
13569,coerce
13575,coercion
13577,coercive
13761,collapse
13844,collision
13845,collisions
13864,collude
13868,collusion
13869,collusions
13870,collusive
14374,complain
14382,complaint
14383,complaints
14420,complicate
14425,complication
14426,complications
14516,compulsion
14565,conceal
14572,concede
14610,concern
14646,conciliate
14647,conciliation
14648,conciliations
14722,condemn
14723,condemnation
14724,condemnations
14775,condone
14853,confess
14858,confession
14891,confine
14893,confinement
14894,confinements
14905,confiscate
14909,confiscation
14910,confiscations
14922,conflict
14955,confront
14956,confrontation
14957,confrontational
14958,confrontations
14962,confuse
14967,confusingly
14968,confusion
15296,conspiracies
15297,conspiracy
15298,conspirator
15299,conspiratorial
15301,conspirators
15302,conspire
15483,contempt
15491,contend
15505,contention
15506,contentions
15507,contentious
15508,contentiously
15523,contest
15592,contraction
15593,contractions
15602,contradict
15605,contradiction
15606,contradictions
15607,contradictory
15633,contrary
15679,controversial
15681,controversies
15682,controversy
15793,convict
15796,conviction
15797,convictions
16138,correct
16142,correction
16144,corrections
16197,corrupt
16205,corruption
16206,corruptions
16208,corruptly
16209,corruptness
16307,costly
16412,counterclaim
16423,counterfeit
16425,counterfeiter
16426,counterfeiters
16442,countermeasure
16443,countermeasures
17075,crime
17076,crimes
17077,criminal
17082,criminally
17083,criminals
17115,crises
17116,crisis
17139,critical
17141,critically
17142,criticism
17143,criticisms
17144,criticize
17327,crucial
17328,crucially
17561,culpability
17562,culpable
17563,culpably
17595,cumbersome
17764,curtail
17767,curtailment
17768,curtailments
17842,cut
17846,cutback
17847,cutbacks
17896,cyberattack
17897,cyberattacks
17898,cyberbullying
17899,cybercrime
17900,cybercrimes
17901,cybercriminal
17902,cybercriminals
18086,damage
18112,dampen
18160,danger
18161,dangerous
18162,dangerously
18163,dangers
18376,deadlock
18377,deadlocked
18378,deadlocking
18379,deadlocks
18385,deadweight
18386,deadweights
18453,debarment
18454,debarments
18455,debar
18585,decease
18590,deceit
18591,deceitful
18593,deceitfulness
18596,deceive
18623,deception
18624,deceptions
18625,deceptive
18626,deceptively
18707,decline
18901,deface
18903,defacement
18915,defamation
18916,defamations
18917,defamatory
18918,defame
18924,default
18937,defeat
18953,defect
18958,defective
18969,defend
18971,defendant
18972,defendants
18988,defensive
18993,defer
19017,deficiencies
19018,deficiency
19019,deficient
19020,deficit
19021,deficits
19103,defraud
19131,defunct
19153,degradation
19154,degradations
19155,degrade
19223,delay
19247,deleterious
19265,deliberate
19267,deliberately
19306,delinquencies
19307,delinquency
19308,delinquent
19309,delinquently
19310,delinquents
19324,delist
19439,demise
19480,demolish
19484,demolition
19485,demolitions
19522,demote
19527,demotion
19528,demotions
19570,denial
19571,denials
19572,deny
19576,denigrate
19580,denigration
19715,deplete
19719,depletion
19720,depletions
19791,deprecation
19803,depress
19821,deprivation
19823,deprive
19881,derelict
19882,dereliction
19929,derogatory
20130,destabilization
20132,destabilize
20150,destroy
20162,destruction
20164,destructive
20185,detain
20209,detention
20210,detentions
20211,deter
20214,deteriorate
20218,deterioration
20219,deteriorations
20240,deterrence
20241,deterrences
20242,deterrent
20243,deterrents
20282,detract
20290,detriment
20291,detrimental
20292,detrimentally
20293,detriments
20301,devalue
20305,devastate
20310,devastation
20331,deviate
20335,deviation
20336,deviations
20372,devolve
20631,difficult
20632,difficulties
20633,difficultly
20634,difficulty
20756,diminish
20764,diminution
20952,disadvantage
20954,disadvantageous
20968,disaffiliation
20980,disagree
20981,disagreeable
20987,disagreement
20988,disagreements
20990,disallow
20992,disallowance
20993,disallowances
20997,disappear
20998,disappearance
20999,disappearances
21003,disappoint
21006,disappointingly
21007,disappointment
21008,disappointments
21012,disapproval
21013,disapprovals
21014,disapprove
21043,disassociate
21045,disassociation
21046,disassociations
21047,disaster
21048,disasters
21049,disastrous
21050,disastrously
21051,disavow
21052,disavowal
21112,disciplinary
21117,disclaim
21119,disclaimer
21120,disclaimers
21124,disclose
21195,discontinuance
21196,discontinuances
21197,discontinuation
21198,discontinuations
21199,discontinue
21228,discourage
21252,discredit
21264,discrepancies
21265,discrepancy
21375,disfavor
21393,disgorge
21395,disgorgement
21396,disgorgements
21399,disgrace
21401,disgraceful
21402,disgracefully
21447,dishonest
21449,dishonestly
21450,dishonesty
21451,dishonor
21452,dishonorable
21453,dishonorably
21477,disincentives
21512,disinterested
21513,disinterestedly
21514,disinterestedness
21554,disloyal
21555,disloyally
21557,disloyalty
21558,dismal
21559,dismally
21577,dismiss
21578,dismissal
21579,dismissals
21606,disorderly
21628,disparage
21630,disparagement
21631,disparagements
21634,disparagingly
21637,disparities
21638,disparity
21679,displace
21681,displacement
21682,displacements
21703,dispose
21712,dispossess
21725,disproportion
21726,disproportional
21729,disproportionate
21730,disproportionately
21746,dispute
21752,disqualification
21753,disqualifications
21754,disqualify
21766,disregard
21773,disreputable
21775,disrepute
21787,disrupt
21790,disruption
21791,disruptions
21792,disruptive
21796,dissatisfaction
21798,dissatisfy
21827,dissent
21829,dissenter
21830,dissenters
21844,dissident
21845,dissidents
21877,dissolution
21878,dissolutions
21952,distort
21955,distortion
21956,distortions
21958,distract
21962,distraction
21963,distractions
21968,distress
22000,disturb
22001,disturbance
22002,disturbances
22075,diversion
22080,divert
22088,divest
22091,divestiture
22092,divestitures
22093,divestment
22094,divestments
22135,divorce
22145,divulge
22548,doubt
22552,doubtful
22628,downgrade
22673,downsize
22694,downtime
22695,downtimes
22702,downturn
22703,downturns
22704,downward
22706,downwards
22765,drag
22821,drastic
22822,drastically
22835,drawback
22836,drawbacks
23058,drought
23059,droughts
23364,duress
23459,dysfunction
23460,dysfunctional
23461,dysfunctions
23581,ease
23930,egregious
23931,egregiously
24289,embargo
24300,embarrass
24305,embarrassment
24306,embarrassments
24323,embezzle
24325,embezzlement
24326,embezzlements
24327,embezzler
24689,encroach
24693,encroachment
24694,encroachments
24709,encumber
24713,encumbrance
24716,encumbrances
24732,endanger
24735,endangerment
24930,enjoin
25529,erode
25535,erosion
25549,erratic
25550,erratically
25552,err
25554,erroneous
25555,erroneously
25556,error
25557,errors
25584,escalate
25856,evade
25899,evasion
25900,evasions
25901,evasive
25953,evict
25956,eviction
25957,evictions
26013,exacerbate
26017,exacerbation
26018,exacerbations
26033,exaggerate
26038,exaggeration
26112,excessive
26113,excessively
26200,exculpate
26204,exculpation
26205,exculpations
26206,exculpatory
26368,exonerate
26372,exoneration
26373,exonerations
26557,exploit
26559,exploitation
26560,exploitations
26561,exploitative
26599,expose
26642,expropriate
26646,expropriation
26647,expropriations
26650,expulsion
26651,expulsions
26699,extenuate
27042,fail
27051,failure
27052,failures
27127,fallout
27134,false
27137,falsely
27146,falsification
27147,falsifications
27148,falsify
27155,falsity
27359,fatalities
27360,fatality
27361,fatally
27420,fault
27437,faulty
27485,fear
27635,felonies
27636,felonious
27638,felony
27892,fictitious
28111,fin
28195,fire
28607,flaw
29295,force
29333,foreclose
29337,foreclosure
29338,foreclosures
29357,forego
29442,forestall
29484,forfeit
29490,forfeiture
29491,forfeitures
29501,forgers
29502,forgery
29884,fraud
29885,frauds
29886,fraudulence
29888,fraudulent
29889,fraudulently
30132,frivolous
30133,frivolously
30275,frustrate
30279,frustratingly
30280,frustration
30281,frustrations
30313,fugitive
30314,fugitives
32488,gratuitous
32489,gratuitously
32662,grievance
32663,grievances
32815,grossly
32847,groundless
33082,guilty
33540,halt
33581,hamper
33764,harass
33770,harassment
33828,hardship
33829,hardships
33870,harm
33872,harmful
33873,harmfully
33937,harsh
33938,harsher
33939,harshest
33940,harshly
33941,harshness
34093,hazard
34096,hazardous
34908,hinder
34915,hindrance
34916,hindrances
35639,hostile
35643,hostility
36054,hurt
36501,idle
36566,ignore
36582,ill
36583,illegal
36584,illegalities
36585,illegality
36586,illegally
36590,illegible
36600,illicit
36601,illicitly
36605,illiquid
36606,illiquidity
36677,imbalance
36679,imbalances
36732,immature
36791,immoral
36850,impair
36853,impairment
36854,impairments
36882,impasse
36883,impasses
36922,impede
36925,impediment
36927,impediments
36937,impend
36947,imperative
36956,imperfection
36957,imperfections
36971,imperil
36993,impermissible
37066,implicate
37131,impossibility
37132,impossible
37148,impound
37161,impracticable
37163,impractical
37164,impracticalities
37165,impracticality
37224,imprisonment
37233,improper
37234,improperly
37235,improprieties
37236,impropriety
37261,imprudent
37262,imprudently
37301,inability
37304,inaccessible
37306,inaccuracies
37307,inaccuracy
37308,inaccurate
37309,inaccurately
37310,inaction
37311,inactions
37312,inactivate
37316,inactivation
37317,inactivations
37321,inactivity
37322,inadequacies
37323,inadequacy
37324,inadequate
37325,inadequately
37331,inadvertent
37332,inadvertently
37334,inadvisability
37335,inadvisable
37357,inappropriate
37358,inappropriately
37372,inattention
37416,incapable
37419,incapacitate
37424,incapacity
37425,incarcerate
37429,incarceration
37430,incarcerations
37478,incidence
37479,incidences
37480,incident
37484,incidents
37567,incompatibilities
37568,incompatibility
37569,incompatible
37572,incompetence
37575,incompetency
37576,incompetent
37577,incompetently
37578,incompetents
37579,incomplete
37580,incompletely
37581,incompleteness
37593,inconclusive
37612,inconsistencies
37613,inconsistency
37614,inconsistent
37615,inconsistently
37635,inconvenience
37639,inconvenient
37651,incorrect
37652,incorrectly
37653,incorrectness
37747,indecency
37748,indecent
37762,indefeasible
37763,indefeasibly
37842,indict
37843,indictable
37846,indictment
37847,indictments
38032,ineffective
38033,ineffectively
38034,ineffectiveness
38041,inefficiencies
38042,inefficiency
38043,inefficient
38044,inefficiently
38052,ineligibility
38053,ineligible
38068,inequitable
38069,inequitably
38070,inequities
38071,inequity
38089,inevitable
38111,inexperience
38112,inexperienced
38173,inferior
38266,inflict
38322,infraction
38323,infractions
38336,infringe
38338,infringement
38339,infringements
38457,inimical
38502,injunction
38503,injunctions
38505,injure
38510,injuries
38512,injurious
38513,injury
38614,inordinate
38615,inordinately
38637,inquiry
38689,insecure
38704,insensitive
38785,insolvencies
38786,insolvency
38787,insolvent
38823,instability
38926,insubordination
38933,insufficiency
38934,insufficient
38935,insufficiently
38976,insurrection
38979,insurrections
39062,intentional
39170,interfere
39172,interference
39173,interferences
39261,intermittent
39262,intermittently
39375,interrupt
39381,interruption
39382,interruptions
39467,intimidation
39574,intrusion
39610,invalid
39611,invalidate
39615,invalidation
39622,invalidity
39685,investigate
39689,investigation
39691,investigations
39752,involuntarily
39755,involuntary
39862,irreconcilable
39863,irreconcilably
39864,irrecoverable
39865,irrecoverably
39873,irregular
39874,irregularities
39875,irregularity
39876,irregularly
39888,irreparable
39889,irreparably
39914,irreversible
40269,jeopardize
40767,justifiable
40979,kickback
40980,kickbacks
41313,knowingly
41438,lack
41445,lackluster
41505,lag
41728,lapse
41826,late
41913,launder
42014,layoff
42015,layoffs
42638,lie
42820,limitation
42821,limitations
42897,linger
42980,liquidate
42984,liquidation
42985,liquidations
42986,liquidator
42987,liquidators
43081,litigant
43082,litigants
43083,litigate
43087,litigation
43088,litigations
43277,lockout
43278,lockouts
43535,lose
43541,loss
43542,losses
44316,malfeasance
44321,malfunction
44325,malice
44327,malicious
44328,maliciously
44364,malpractice
44538,manipulate
44542,manipulation
44543,manipulations
44544,manipulative
44744,markdown
44745,markdowns
46584,misapplication
46585,misapplications
46586,misapply
46596,misappropriate
46600,misappropriation
46601,misappropriations
46609,misbranded
46611,miscalculate
46615,miscalculation
46616,miscalculations
46638,mischaracterization
46640,mischief
46649,misclassification
46650,misclassifications
46651,misclassified
46652,misclassify
46653,miscommunication
46660,misconduct
46680,misdate
46687,misdemeanor
46688,misdemeanors
46698,misdirect
46750,mishandle
46766,misinform
46767,misinformation
46772,misinterpret
46773,misinterpretation
46774,misinterpretations
46778,misjudge
46782,misjudgment
46783,misjudgments
46784,mislabel
46785,mislabeled
46786,mislabeling
46787,mislabelled
46789,mislabels
46794,mislead
46796,misleadingly
46799,mismanage
46801,mismanagement
46805,mismatch
46830,misplace
46840,misprice
46842,mispricing
46843,mispricings
46870,misrepresent
46871,misrepresentation
46872,misrepresentations
46880,miss
46922,misstate
46924,misstatement
46925,misstatements
46928,misstep
46929,missteps
46934,mistake
46936,mistakenly
46965,mistrial
46966,mistrials
46975,misunderstand
46980,misuse
47427,monopolistic
47428,monopolists
47429,monopolization
47431,monopolize
47437,monopoly
47587,moratoria
47588,moratorium
47589,moratoriums
47718,mothball
48930,negative
48932,negatively
48941,neglect
48943,neglectful
48952,negligence
48953,negligences
48954,negligent
48955,negligently
49602,nonattainment
49703,noncompetitive
49705,noncompliance
49706,noncompliances
49707,noncompliant
49708,noncomplying
49718,nonconforming
49721,nonconformities
49722,nonconformity
49816,nondisclosure
49936,nonfunctional
50115,nonpayment
50116,nonpayments
50121,nonperformance
50122,nonperformances
50125,nonperforming
50162,nonproducing
50165,nonproductive
50208,nonrecoverable
50228,nonrenewal
50701,nuisance
50702,nuisances
50708,nullification
50709,nullifications
50710,nullify
50920,object
50926,objection
50927,objectionable
50928,objectionably
50929,objections
50997,obscene
51002,obscenity
51056,obsolescence
51061,obsolete
51065,obstacle
51066,obstacles
51080,obstruct
51083,obstruction
51088,obstructions
51267,offence
51268,offences
51269,offend
51271,offender
51272,offenders
51469,omission
51470,omissions
51471,omit
51513,onerous
51662,opportunistic
51663,opportunistically
51667,oppose
51674,opposition
51675,oppositions
52055,outage
52056,outages
52103,outdated
52228,outmode
52432,overage
52433,overages
52480,overbuild
52481,overbuilding
52482,overbuilds
52483,overbuilt
52484,overburden
52492,overcapacities
52493,overcapacity
52504,overcharge
52519,overcome
52583,overdue
52598,overestimate
52602,overestimation
52603,overestimations
52730,overload
52735,overlook
52755,overpay
52761,overpayment
52762,overpayments
52799,overproduce
52802,overproduction
52841,overrun
52861,overshadow
52906,overstate
52908,overstatement
52909,overstatements
52938,oversupplied
52939,oversupply
52964,overtly
52970,overturn
52980,overvalue
53443,panic
54505,penalize
54509,penalties
54510,penalty
54804,peril
54868,perjury
54941,perpetrate
54945,perpetration
54987,persist
54989,persistence
54992,persistent
54993,persistently
55092,pervasive
55093,pervasively
55094,pervasiveness
55213,petty
55607,picket
56136,plaintiff
56137,plaintiffs
56319,plea
56320,plead
56327,pleas
56949,poor
56956,poorly
57124,pose
57243,postpone
57245,postponement
57246,postponements
57587,precipitate
57595,precipitous
57596,precipitously
57612,preclude
57661,predatory
57843,prejudice
57846,prejudicial
57872,premature
57873,prematurely
58135,press
58218,pretrial
58258,prevention
58507,problem
58508,problematic
58509,problematical
58511,problems
58796,prolong
58797,prolongation
58798,prolongations
58862,prone
59041,prosecute
59045,prosecution
59046,prosecutions
59137,protest
59141,protester
59142,protesters
59144,protestor
59145,protestors
59165,protract
59167,protraction
59239,provoke
59613,punish
59616,punishment
59617,punishments
59618,punitive
59727,purport
59729,purportedly
60129,question
60130,questionable
60131,questionably
60249,quit
60361,racketeer
60879,rationalization
60880,rationalizations
60881,rationalize
61272,reassessment
61273,reassessments
61274,reassign
61277,reassignment
61278,reassignments
61427,recall
61512,recession
61515,recessionary
61516,recessions
61582,reckless
61583,recklessly
61584,recklessness
61953,redact
61956,redaction
61957,redactions
61994,redefault
61995,redefaulted
61996,redefaults
62129,redress
62529,refusal
62530,refusals
62531,refuse
62893,reject
62897,rejection
62898,rejections
63049,relinquish
63053,relinquishment
63054,relinquishments
63085,reluctance
63087,reluctant
63298,renegotiate
63302,renegotiation
63303,renegotiations
63324,renounce
63326,renouncement
63327,renouncements
63423,reparation
63424,reparations
63589,repossession
63590,repossessions
63710,repudiate
63714,repudiation
63715,repudiations
63946,resign
63947,resignation
63948,resignations
64104,restate
64106,restatement
64107,restatements
64181,restructure
64271,retaliate
64275,retaliation
64276,retaliations
64278,retaliatory
64400,retribution
64401,retributions
64661,revocation
64662,revocations
64664,revoke
64906,ridicule
65102,riskier
65103,riskiest
65110,risky
65907,sabotage
65944,sacrifice
65947,sacrificial
66684,scandalous
66686,scandals
67287,scrutinize
67291,scrutiny
67537,secrecy
67760,seize
67985,sentence
68138,serious
68139,seriously
68140,seriousness
68208,setback
68209,setbacks
68245,sever
68252,severe
68254,severely
68261,severities
68262,severity
68501,sharply
68816,shock
68906,shortage
68907,shortages
68928,shortfall
68929,shortfalls
69074,shrinkage
69075,shrinkages
69138,shut
69139,shutdown
69140,shutdowns
69920,slander
69925,slanderous
70163,slippage
70164,slippages
70257,slow
70258,slowdown
70259,slowdowns
70261,slower
70262,slowest
70264,slowly
70265,slowness
70285,sluggish
70286,sluggishly
70287,sluggishness
71112,solvencies
71113,solvency
71483,spam
71484,spammers
71485,spamming
72496,stagger
72505,stagnant
72507,stagnate
72511,stagnation
72636,standstill
72637,standstills
73256,steal
73320,stoppage
73321,stoppages
73322,stop
73448,strain
73582,stress
73585,stressful
73640,stringent
73998,subject
74000,subjection
74136,subpoena
74222,substandard
74402,sue
74411,suffer
74593,summon
74599,summons
75092,susceptibility
75093,susceptible
75096,suspect
75100,suspend
75109,suspension
75110,suspensions
75112,suspicion
75113,suspicions
75114,suspicious
75115,suspiciously
75777,taint
75878,tamper
76638,tense
76713,terminate
76717,termination
76718,terminations
76819,testify
77198,threat
77199,threaten
77204,threats
77468,tighten
77877,tolerate
77881,toleration
78147,tortuous
78148,tortuously
78425,tragedies
78426,tragedy
78427,tragic
78428,tragically
78808,traumatic
79260,trouble
79592,turbulence
79614,turmoil
80038,unable
80043,unacceptable
80044,unacceptably
80051,unaccounted
80098,unannounced
80102,unanticipated
80115,unapproved
80143,unattractive
80148,unauthorized
80150,unavailability
80151,unavailable
80154,unavoidable
80155,unavoidably
80157,unaware
80349,uncollectable
80350,uncollected
80351,uncollectibility
80352,uncollectible
80353,uncollectibles
80368,uncompetitive
80371,uncompleted
80398,unconscionable
80399,unconscionably
80419,uncontrollable
80420,uncontrollably
80421,uncontrolled
80439,uncorrected
80450,uncover
80496,undeliverable
80497,undelivered
80538,undercapitalized
80563,undercut
80580,underestimate
80584,underestimation
80600,underfunded
80623,underinsured
80654,undermine
80664,underpay
80672,underpayment
80673,underpayments
80677,underperform
80678,underperformance
80700,underproduce
80702,underproduction
80713,underreporting
80762,understate
80764,understatement
80765,understatements
80792,underutilization
80794,underutilized
80830,undesirable
80833,undesired
80835,undetected
80837,undetermined
80854,undisclosed
80870,undocumented
80889,undue
80897,unduly
80920,uneconomic
80921,uneconomical
80922,uneconomically
80930,unemployed
80931,unemployment
80961,unethical
80962,unethically
80980,unexcused
80984,unexpected
80985,unexpectedly
81002,unfair
81005,unfairly
81024,unfavorability
81025,unfavorable
81026,unfavorably
81027,unfavourable
81028,unfeasible
81045,unfit
81046,unfitness
81075,unforeseeable
81076,unforeseen
81087,unforseen
81089,unfortunate
81090,unfortunately
81092,unfounded
81104,unfriendly
81112,unfulfilled
81113,unfunded
81276,uninsured
81281,unintended
81282,unintentional
81283,unintentionally
81349,unjust
81350,unjustifiable
81351,unjustifiably
81352,unjustified
81353,unjustly
81365,unknowing
81366,unknowingly
81380,unlawful
81381,unlawfully
81401,unlicensed
81421,unliquidated
81469,unmarketable
81486,unmerchantable
81490,unmeritorious
81516,unnecessarily
81517,unnecessary
81518,unneeded
81531,unobtainable
81536,unoccupied
81550,unpaid
81571,unperformed
81582,unplanned
81597,unpopular
81607,unpredictability
81608,unpredictable
81609,unpredictably
81610,unpredicted
81627,unproductive
81631,unprofitability
81632,unprofitable
81646,unqualified
81676,unrealistic
81683,unreasonable
81684,unreasonableness
81686,unreasonably
81689,unreceptive
81697,unrecoverable
81698,unrecovered
81714,unreimbursed
81722,unreliable
81728,unremedied
81737,unreported
81745,unresolved
81750,unrest
81788,unsafe
81793,unsalable
81794,unsaleable
81799,unsatisfactory
81800,unsatisfied
81804,unsavory
81811,unscheduled
81861,unsellable
81911,unsold
81918,unsound
81936,unstabilized
81937,unstable
81972,unsubstantiated
81973,unsuccessful
81974,unsuccessfully
81976,unsuitability
81977,unsuitable
81978,unsuitably
81979,unsuited
81985,unsure
81990,unsuspected
81991,unsuspecting
81993,unsustainable
82018,untenable
82045,untimely
82073,untrusted
82075,untruth
82076,untruthful
82077,untruthfully
82078,untruthfulness
82080,untruths
82089,unusable
82114,unwanted
82121,unwarranted
82129,unwelcome
82139,unwilling
82141,unwillingness
82310,upset
82408,urgency
82409,urgent
82475,usurious
82476,usurp
82484,usury
82695,vandalism
83022,verdict
83023,verdicts
83156,veto
83242,victims
83389,violate
83393,violation
83394,violations
83395,violative
83396,violator
83397,violators
83398,violence
83400,violent
83401,violently
83539,vitiate
83543,vitiation
83663,void
83669,volatile
83671,volatility
83813,vulnerabilities
83814,vulnerability
83815,vulnerable
83816,vulnerably
84132,warn
84225,waste
84226,wasteful
84402,weak
84403,weaken
84409,weaker
84410,weakest
84415,weakly
84416,weakness
84417,weaknesses
85205,willfully
85853,worry
85861,worse
85862,worsen
85878,worst
85891,worthless
86015,writedown
86016,writedowns
86017,writeoff
86018,writeoffs
86032,wrong
86035,wrongdoing
86036,wrongdoings
86040,wrongful
86041,wrongfully
86049,wrongly
82,abeyance
83,abeyances
1973,almost
2023,alteration
2024,alterations
2131,ambiguities
2132,ambiguity
2133,ambiguous
2730,anomalies
2731,anomalous
2732,anomalously
2733,anomaly
2848,anticipate
2852,anticipation
2853,anticipations
3150,apparent
3151,apparently
3160,appear
3343,approximate
3345,approximately
3348,approximation
3349,approximations
3421,arbitrarily
3422,arbitrariness
3424,arbitrary
4081,assume
4085,assumption
4086,assumptions
6255,believe
11200,cautious
11201,cautiously
11202,cautiousness
12859,clarification
12860,clarifications
14582,conceivable
14583,conceivably
14753,conditional
14755,conditionally
14967,confusingly
14968,confusion
15544,contingencies
15545,contingency
15546,contingent
15547,contingently
15548,contingents
16360,could
17270,crossroad
17271,crossroads
19679,depend
19689,dependence
19691,dependencies
19692,dependency
19693,dependent
20331,deviate
20335,deviation
20336,deviations
20611,differ
22548,doubt
22552,doubtful
26614,exposure
26615,exposures
28914,fluctuate
28918,fluctuation
28919,fluctuations
34787,hide
34922,hinge
37173,imprecise
37177,imprecision
37178,imprecisions
37228,improbability
37229,improbable
37581,incompleteness
37768,indefinite
37769,indefinitely
37770,indefiniteness
37816,indeterminable
37820,indeterminate
38092,inexact
38094,inexactness
38822,instabilities
38823,instability
38989,intangible
38990,intangibles
42767,likelihood
45169,may
45170,maybe
46173,might
48821,nearly
49598,nonassessable
51133,occasionally
51825,ordinarily
54528,pending
54795,perhaps
57167,possibilities
57168,possibility
57169,possible
57171,possibly
57556,precaution
57557,precautionary
57558,precautions
57700,predict
57702,predictability
57707,prediction
57708,predictions
57709,predictive
57710,predictor
57711,predictors
57860,preliminarily
57861,preliminary
58164,presumably
58165,presume
58169,presumption
58170,presumptions
58483,probabilistic
58484,probabilities
58485,probability
58486,probable
58488,probably
60677,random
60680,randomize
60684,randomly
60685,randomness
61268,reassess
61272,reassessment
61273,reassessments
61416,recalculate
61420,recalculation
61421,recalculations
61756,reconsider
62289,reexamination
62291,reexamine
62850,reinterpret
62851,reinterpretation
62852,reinterpretations
64621,revise
65100,risk
65102,riskier
65103,riskiest
65105,riskiness
65110,risky
65527,roughly
65770,rumor
67694,seem
67766,seldom
67767,seldomly
71149,sometime
71150,sometimes
71153,somewhat
71154,somewhere
71672,speculate
71676,speculation
71677,speculations
71678,speculative
71679,speculatively
72073,sporadic
72074,sporadically
74394,sudden
74395,suddenly
74472,suggest
75092,susceptibility
76612,tend
76658,tentative
76659,tentatively
79592,turbulence
80267,uncertain
80268,uncertainly
80269,uncertainties
80270,uncertainty
80320,unclear
80390,unconfirmed
80485,undecided
80494,undefined
80827,undesignated
80834,undetectable
80836,undeterminable
80837,undetermined
80870,undocumented
80984,unexpected
80985,unexpectedly
81013,unfamiliar
81015,unfamiliarity
81074,unforecasted
81087,unforseen
81148,unguaranteed
81188,unhedged
81227,unidentifiable
81228,unidentified
81367,unknown
81368,unknowns
81527,unobservable
81582,unplanned
81607,unpredictability
81608,unpredictable
81609,unpredictably
81610,unpredicted
81639,unproved
81640,unproven
81647,unquantifiable
81648,unquantified
81693,unreconciled
81835,unseasonable
81836,unseasonably
81866,unsettle
81928,unspecific
81929,unspecified
82025,untested
82091,unusual
82092,unusually
82175,unwritten
82577,vagaries
82589,vague
82590,vaguely
82591,vagueness
82592,vaguenesses
82593,vaguer
82594,vaguest
82754,variability
82755,variable
82756,variables
82757,variably
82758,variance
82759,variances
82760,variant
82761,variants
82762,variation
82763,variations
82766,vary
83669,volatile
83670,volatilities
83671,volatility
